Func	Gene	ExonicFunc	AAChange	Conserved	SegDup	ESP6500_ALL	1000g2012apr_ALL	dbSNP137	AVSIFT	LJB_PhyloP	LJB_PhyloP_Pred	LJB_SIFT	LJB_SIFT_Pred	LJB_PolyPhen2	LJB_PolyPhen2_Pred	LJB_LRT	LJB_LRT_Pred	LJB_MutationTaster	LJB_MutationTaster_Pred	LJB_GERP++	Chr	Start	End	Ref	Obs	Otherinfo
exonic	ANKS6	nonsynonymous SNV	ANKS6:NM_173551:exon10:c.G1930A:p.V644I			0.963043	0.87	rs6415847	1	0.93317	N	0.77	T	0.0	B	0.897327	N	1.0E-6	P	1.71	9	101533220	101533220	C	T	hom	17868.35	2795	NULL	NULL	09|000101533220	0.9545
exonic	COL15A1	nonsynonymous SNV	COL15A1:NM_001855:exon11:c.C1592G:p.P531R			0.094802	0.05	rs35529307	0.02	0.997233	C	0.98	D	0.998	D	6.1E-5	N	0.055344	N	3.32	9	101778346	101778346	C	G	hom	1057.13	2379	NULL	NULL	09|000101778346	0.0714
exonic	COL15A1	nonsynonymous SNV	COL15A1:NM_001855:exon12:c.C1651A:p.Q551K						0.73	0.983405	C	0.27	T	0.0050	B	0.0	N	0.094369	N	1.74	9	101782674	101782674	C	A	hom	309.60	1189	58.89	5.25	09|000101782674	0.0065
exonic	COL15A1	nonsynonymous SNV	COL15A1:NM_001855:exon3:c.G385T:p.D129Y	321;Name=lod=27					0	0.999601	C	1.0	D	0.986	D	0.999707	D	0.990594	D	5.2	9	101748131	101748131	G	T	hom	4534.13	2053	58.97	18.14	09|000101748131	0.0065
exonic	ERP44	frameshift insertion	ERP44:NM_015051:exon5:c.393_394insGA:p.L132fs	701;Name=lod=939																	9	102784401	102784401	-	TC	unknown	176.44	763	50.70	0.71	09|000102784401	0.0065
exonic	GALNT12	nonsynonymous SNV	GALNT12:NM_024642:exon1:c.A356T:p.E119V	638;Name=lod=522		0.057856	0.04	rs1137654	0	0.996128	C	1.0	D	0.803	P	1.0	D	0.938071	D	3.69	9	101570336	101570336	A	T	hom	500.61	1997	NULL	NULL	09|000101570336	0.0714
