Func	Gene	ExonicFunc	AAChange	Conserved	SegDup	ESP6500_ALL	1000g2012apr_ALL	dbSNP137	AVSIFT	LJB_PhyloP	LJB_PhyloP_Pred	LJB_SIFT	LJB_SIFT_Pred	LJB_PolyPhen2	LJB_PolyPhen2_Pred	LJB_LRT	LJB_LRT_Pred	LJB_MutationTaster	LJB_MutationTaster_Pred	LJB_GERP++	Chr	Start	End	Ref	Obs	Otherinfo
exonic	ANKS6	nonsynonymous SNV	ANKS6:NM_173551:exon10:c.G1930A:p.V644I			0.963043	0.87	rs6415847	1	0.93317	N	0.77	T	0.0	B	0.897327	N	1.0E-6	P	1.71	9	101533220	101533220	C	T	hom	17868.35	2795	NULL	NULL	09|000101533220	0.9545
exonic	COL15A1	nonsynonymous SNV	COL15A1:NM_001855:exon42:c.G3994A:p.V1332I			0.122482	0.16	rs10519	0.55	0.932241	N	0.45	T	0.116	B	0.999882	N	9.03E-4	N	2.3	9	101831995	101831995	G	A	hom	1859.69	3348	NULL	NULL	09|000101831995	0.0714
exonic	COL15A1	stopgain SNV	COL15A1:NM_001855:exon40:c.C3750A:p.Y1250X	443;Name=lod=84					0	0.939887	N	0.899066	NA	0.725673	NA	0.999999	D	1.0	A	2.15	9	101829262	101829262	C	A	hom	11.64	863	58.68	1.45	09|000101829262	0.0065
exonic	GALNT12	frameshift insertion	GALNT12:NM_024642:exon9:c.1524_1525insA:p.A508fs																		9	101608324	101608324	-	A	unknown	870.39	1823	58.21	5.84	09|000101608324	0.0065
exonic	GALNT12	frameshift insertion	GALNT12:NM_024642:exon9:c.1525_1526insA:p.V509fs	295;Name=lod=21																	9	101608325	101608325	-	A	unknown	678.85	1825	58.22	4.75	09|000101608325	0.0065
exonic	GALNT12	frameshift insertion	GALNT12:NM_024642:exon9:c.1526_1527insC:p.V509fs	295;Name=lod=21																	9	101608326	101608326	-	C	unknown	862.57	1808	58.22	6.03	09|000101608326	0.0065
exonic	INVS	nonsynonymous SNV	INVS:NM_014425:exon6:c.C778A:p.H260N,INVS:NM_183245:exon6:c.C778A:p.H260N	522;Name=lod=176					0.01	0.999038	C	0.99	D	1.0	D	1.0	D	0.999755	D	5.39	9	103002504	103002504	C	A	hom	14.40	528	59.55	0.42	09|000103002504	0.0065
exonic	INVS	stopgain SNV	INVS:NM_014425:exon5:c.G487T:p.E163X,INVS:NM_183245:exon5:c.G487T:p.E163X	603;Name=lod=375					0.04	0.999578	C	0.903835	NA	0.73549	NA	0.999999	D	1.0	A	5.16	9	102991981	102991981	G	T	hom	31.14	1162	59.24	0.46	09|000102991981	0.0065
exonic	TGFBR1	nonsynonymous SNV	TGFBR1:NM_001130916:exon6:c.G996T:p.W332C,TGFBR1:NM_004612:exon7:c.G1227T:p.W409C	699;Name=lod=927					0	0.99958	C	1.0	D	1.0	D	1.0	D	0.999997	D	5.17	9	101908863	101908863	G	T	hom	77.53	510	59.68	4.56	09|000101908863	0.0065
