Func	Gene	ExonicFunc	AAChange	Conserved	SegDup	ESP6500_ALL	1000g2012apr_ALL	dbSNP137	AVSIFT	LJB_PhyloP	LJB_PhyloP_Pred	LJB_SIFT	LJB_SIFT_Pred	LJB_PolyPhen2	LJB_PolyPhen2_Pred	LJB_LRT	LJB_LRT_Pred	LJB_MutationTaster	LJB_MutationTaster_Pred	LJB_GERP++	Chr	Start	End	Ref	Obs	Otherinfo
exonic	ALG2	nonsynonymous SNV	ALG2:NM_033087:exon1:c.T31C:p.S11P			0.051716	0.04	rs11545137		7.91E-4	N	0.69	T	0.0	B	2.0E-6	N	0.0	NA	-8.09	9	101984146	101984146	A	G	hom	2100.65	3002	NULL	NULL	09|000101984146	0.0909
exonic	ALG2	nonsynonymous SNV	ALG2:NM_033087:exon2:c.T1100C:p.V367A			0.058588	0.04	rs35626507	0.47	0.945428	N	0.57	T	0.0	B	0.899132	N	0.00975	N	1.1	9	101980367	101980367	A	G	hom	7591.52	7754	NULL	NULL	09|000101980367	0.0974
exonic	ANKS6	nonsynonymous SNV	ANKS6:NM_173551:exon10:c.G1930A:p.V644I			0.963043	0.87	rs6415847	1	0.93317	N	0.77	T	0.0	B	0.897327	N	1.0E-6	P	1.71	9	101533220	101533220	C	T	hom	17868.35	2795	NULL	NULL	09|000101533220	0.9545
exonic	COL15A1	nonsynonymous SNV	COL15A1:NM_001855:exon3:c.A610G:p.M204V	401;Name=lod=57		0.501307	0.56	rs2075663	1	0.962849	C	0.0	T	0.0	B	0.999998	N	0.0	N	3.99	9	101748356	101748356	A	G	hom	5307.75	1847	NULL	NULL	09|000101748356	0.3377
exonic	STX17	nonsynonymous SNV	STX17:NM_017919:exon2:c.T68C:p.I23T	634;Name=lod=501		0.064047	0.04	rs41305451	0.01	0.997704	C	0.79	T	0.052	B	0.999997	D	0.117174	N	5.16	9	102677589	102677589	T	C	hom	5418.48	2679	NULL	NULL	09|000102677589	0.1299
