Func	Gene	ExonicFunc	AAChange	Conserved	SegDup	ESP6500_ALL	1000g2012apr_ALL	dbSNP137	AVSIFT	LJB_PhyloP	LJB_PhyloP_Pred	LJB_SIFT	LJB_SIFT_Pred	LJB_PolyPhen2	LJB_PolyPhen2_Pred	LJB_LRT	LJB_LRT_Pred	LJB_MutationTaster	LJB_MutationTaster_Pred	LJB_GERP++	Chr	Start	End	Ref	Obs	Otherinfo
exonic	ANKS6	nonsynonymous SNV	ANKS6:NM_173551:exon10:c.G1930A:p.V644I			0.963043	0.87	rs6415847	1	0.93317	N	0.77	T	0.0	B	0.897327	N	1.0E-6	P	1.71	9	101533220	101533220	C	T	hom	17868.35	2795	NULL	NULL	09|000101533220	0.9545
exonic	COL15A1	nonsynonymous SNV	COL15A1:NM_001855:exon3:c.A610G:p.M204V	401;Name=lod=57		0.501307	0.56	rs2075663	1	0.962849	C	0.0	T	0.0	B	0.999998	N	0.0	N	3.99	9	101748356	101748356	A	G	hom	5307.75	1847	NULL	NULL	09|000101748356	0.3377
exonic	COL15A1	nonsynonymous SNV	COL15A1:NM_001855:exon3:c.G488A:p.R163H	405;Name=lod=59		0.209749	0.23	rs2075662	0.19	0.79537	N	0.81	T	0.0080	B	0.998893	N	0.996793	P	-0.0624	9	101748234	101748234	G	A	hom	6610.93	7775	NULL	NULL	09|000101748234	0.1039
exonic	COL15A1	nonsynonymous SNV	COL15A1:NM_001855:exon42:c.G3994A:p.V1332I			0.122482	0.16	rs10519	0.55	0.932241	N	0.45	T	0.116	B	0.999882	N	9.03E-4	N	2.3	9	101831995	101831995	G	A	hom	1859.69	3348	NULL	NULL	09|000101831995	0.0714
exonic	COL15A1	nonsynonymous SNV	COL15A1:NM_001855:exon9:c.G1336A:p.G446R			0.091573	0.16	rs35934703	0	0.198596	N	1.0	D	0.0	B	0.006277	N	0.386868	N	-1.9	9	101767315	101767315	G	A	hom	3102.78	3617	NULL	NULL	09|000101767315	0.0455
exonic	STX17	nonsynonymous SNV	STX17:NM_017919:exon2:c.T68C:p.I23T	634;Name=lod=501		0.064047	0.04	rs41305451	0.01	0.997704	C	0.79	T	0.052	B	0.999997	D	0.117174	N	5.16	9	102677589	102677589	T	C	hom	5418.48	2679	NULL	NULL	09|000102677589	0.1299
