Func	Gene	ExonicFunc	AAChange	Conserved	SegDup	ESP6500_ALL	1000g2012apr_ALL	dbSNP137	AVSIFT	LJB_PhyloP	LJB_PhyloP_Pred	LJB_SIFT	LJB_SIFT_Pred	LJB_PolyPhen2	LJB_PolyPhen2_Pred	LJB_LRT	LJB_LRT_Pred	LJB_MutationTaster	LJB_MutationTaster_Pred	LJB_GERP++	Chr	Start	End	Ref	Obs	Otherinfo
exonic	ANKS6	nonsynonymous SNV	ANKS6:NM_173551:exon10:c.G1930A:p.V644I			0.963043	0.87	rs6415847	1	0.93317	N	0.77	T	0.0	B	0.897327	N	1.0E-6	P	1.71	9	101533220	101533220	C	T	hom	17868.35	2795	NULL	NULL	09|000101533220	0.9545
exonic	COL15A1	frameshift deletion	COL15A1:NM_001855:exon21:c.2386_2387del:p.796_796del	304;Name=lod=23																	9	101798655	101798656	GG	-	unknown	451.61	2140	59.17	6.84	09|000101798654	0.0065
exonic	COL15A1	nonsynonymous SNV	COL15A1:NM_001855:exon10:c.G1490T:p.R497L						0.01	0.895775	N	0.99	D	0.0010	B	0.801598	NA	1.0E-6	N	2.78	9	101777835	101777835	G	T	hom	30.59	533	59.33	1.18	09|000101777835	0.0065
exonic	COL15A1	nonsynonymous SNV	COL15A1:NM_001855:exon42:c.G3994A:p.V1332I			0.122482	0.16	rs10519	0.55	0.932241	N	0.45	T	0.116	B	0.999882	N	9.03E-4	N	2.3	9	101831995	101831995	G	A	hom	1859.69	3348	NULL	NULL	09|000101831995	0.0714
exonic	COL15A1	stopgain SNV	COL15A1:NM_001855:exon19:c.G2236T:p.G746X	352;Name=lod=36					0.26	0.999444	C	0.903824	NA	0.735466	NA	0.999987	D	1.0	A	4.62	9	101797647	101797647	G	T	hom	278.59	732	59.08	12.11	09|000101797647	0.0065
exonic	NR4A3	nonsynonymous SNV	NR4A3:NM_006981:exon6:c.T1374A:p.F458L,NR4A3:NM_173200:exon7:c.T1407A:p.F469L	653;Name=lod=601					0	0.097717	N	0.99	D	0.998	D	1.0	D	0.999699	D	-1.23	9	102607050	102607050	T	A	hom	310.60	920	59.58	6.34	09|000102607050	0.0065
