Func	Gene	ExonicFunc	AAChange	Conserved	SegDup	ESP6500_ALL	1000g2012apr_ALL	dbSNP137	AVSIFT	LJB_PhyloP	LJB_PhyloP_Pred	LJB_SIFT	LJB_SIFT_Pred	LJB_PolyPhen2	LJB_PolyPhen2_Pred	LJB_LRT	LJB_LRT_Pred	LJB_MutationTaster	LJB_MutationTaster_Pred	LJB_GERP++	Chr	Start	End	Ref	Obs	Otherinfo
exonic	ANKS6	nonsynonymous SNV	ANKS6:NM_173551:exon10:c.G1930A:p.V644I			0.963043	0.87	rs6415847	1	0.93317	N	0.77	T	0.0	B	0.897327	N	1.0E-6	P	1.71	9	101533220	101533220	C	T	hom	17868.35	2795	NULL	NULL	09|000101533220	0.9545
exonic	COL15A1	nonsynonymous SNV	COL15A1:NM_001855:exon11:c.G1511T:p.G504V			0.078579	0.11	rs2297603	0.05	0.199054	N	0.95	T	0.995	D	1.92E-4	N	0.609332	P	-2.05	9	101778265	101778265	G	T	hom	1076.50	2887	NULL	NULL	09|000101778265	0.1299
exonic	COL15A1	nonsynonymous SNV	COL15A1:NM_001855:exon24:c.T2551C:p.F851L	410;Name=lod=62		0.009150	0.01	rs35901514	0.67	0.998441	C	0.33	T	0.998	D	0.999497	N	0.341793	N	5.25	9	101804366	101804366	T	C	het	912.98	3157	NULL	NULL	09|000101804366	0.0130
exonic	STX17	nonsynonymous SNV	STX17:NM_017919:exon2:c.T68C:p.I23T	634;Name=lod=501		0.064047	0.04	rs41305451	0.01	0.997704	C	0.79	T	0.052	B	0.999997	D	0.117174	N	5.16	9	102677589	102677589	T	C	hom	5418.48	2679	NULL	NULL	09|000102677589	0.1299
