Func	Gene	ExonicFunc	AAChange	OAF	1000g2012apr_ALL	dbSNP137	Chr	Start	End	Ref	Obs	PhyloP	PhyloP prediction	SIFT	SIFT prediction	PolyPhen2	PolyPhen2 prediction	LRT	LRT prediction	MT	MT prediction
exonic	COL15A1	stopgain SNV	COL15A1:NM_001855:exon14:c.C1802A:p.S601X	0.0065			9	101785679	101785679	C	A	0.012911	N	0.840315	NA	0.406062	NA	0.051439	N	1.0	A	09|000101785679
exonic	INVS	frameshift deletion	INVS:NM_014425:exon12:c.1680_1681del:p.560_561del,INVS:NM_183245:exon12:c.1680_1681del:p.560_561del	0.0065			9	103035254	103035255	CA	-											09|000103035253
exonic	COL15A1	nonsynonymous SNV	COL15A1:NM_001855:exon37:c.G3509T:p.R1170I	0.0065		rs149360947	9	101824359	101824359	G	T	0.977198	C	0.99	D	0.998	D	0.997775	N	0.585463	D	09|000101824359
exonic	COL15A1	nonsynonymous SNV	COL15A1:NM_001855:exon42:c.G3998C:p.R1333P	0.0065			9	101831999	101831999	G	C	0.999825	C	0.99	D	1.0	D	1.0	D	0.999762	D	09|000101831999
exonic	ALG2	nonsynonymous SNV	ALG2:NM_033087:exon2:c.T1100C:p.V367A	0.0974	0.04	rs35626507	9	101980367	101980367	A	G	0.945428	N	0.57	T	0.0	B	0.899132	N	0.00975	N	09|000101980367
exonic	ALG2	nonsynonymous SNV	ALG2:NM_033087:exon1:c.T31C:p.S11P	0.0909	0.04	rs11545137	9	101984146	101984146	A	G	7.91E-4	N	0.69	T	0.0	B	2.0E-6	N	0.0	NA	09|000101984146
exonic	NR4A3	nonsynonymous SNV	NR4A3:NM_006981:exon3:c.C297A:p.H99Q,NR4A3:NM_173199:exon3:c.C297A:p.H99Q,NR4A3:NM_173200:exon4:c.C330A:p.H110Q	0.0065			9	102590621	102590621	C	A	0.109893	N	0.86	T	0.995	D	0.951994	N	0.709768	D	09|000102590621
exonic	NR4A3	nonsynonymous SNV	NR4A3:NM_006981:exon3:c.C455A:p.A152E,NR4A3:NM_173199:exon3:c.C455A:p.A152E,NR4A3:NM_173200:exon4:c.C488A:p.A163E	0.0065			9	102590779	102590779	C	A	0.974998	C	0.62	T	0.168	P	0.06609	N	0.694095	D	09|000102590779
exonic	INVS	nonsynonymous SNV	INVS:NM_014425:exon14:c.G2240T:p.C747F	0.0130			9	103054779	103054779	G	T	0.158844	N	0.96	D	0.942	D	0.135762	N	0.963857	D	09|000103054779
exonic	ANKS6	nonsynonymous SNV	ANKS6:NM_173551:exon10:c.G1930A:p.V644I	0.9545	0.87	rs6415847	9	101533220	101533220	C	T	0.93317	N	0.77	T	0.0	B	0.897327	N	1.0E-6	P	09|000101533220
