Func	Gene	ExonicFunc	AAChange	OAF	1000g2012apr_ALL	dbSNP137	Chr	Start	End	Ref	Obs	PhyloP	PhyloP prediction	SIFT	SIFT prediction	PolyPhen2	PolyPhen2 prediction	LRT	LRT prediction	MT	MT prediction
exonic	ANKS6	nonsynonymous SNV	ANKS6:NM_173551:exon10:c.G1930A:p.V644I	0.9545	0.87	rs6415847	9	101533220	101533220	C	T	0.93317	N	0.77	T	0.0	B	0.897327	N	1.0E-6	P	09|000101533220
exonic	COL15A1	nonsynonymous SNV	COL15A1:NM_001855:exon3:c.G488A:p.R163H	0.1039	0.23	rs2075662	9	101748234	101748234	G	A	0.79537	N	0.81	T	0.0080	B	0.998893	N	0.996793	P	09|000101748234
exonic	COL15A1	nonsynonymous SNV	COL15A1:NM_001855:exon3:c.A610G:p.M204V	0.3377	0.56	rs2075663	9	101748356	101748356	A	G	0.962849	C	0.0	T	0.0	B	0.999998	N	0.0	N	09|000101748356
exonic	COL15A1	nonsynonymous SNV	COL15A1:NM_001855:exon9:c.G1336A:p.G446R	0.0455	0.16	rs35934703	9	101767315	101767315	G	A	0.198596	N	1.0	D	0.0	B	0.006277	N	0.386868	N	09|000101767315
exonic	COL15A1	nonsynonymous SNV	COL15A1:NM_001855:exon42:c.G3994A:p.V1332I	0.0714	0.16	rs10519	9	101831995	101831995	G	A	0.932241	N	0.45	T	0.116	B	0.999882	N	9.03E-4	N	09|000101831995
exonic	STX17	nonsynonymous SNV	STX17:NM_017919:exon2:c.T68C:p.I23T	0.1299	0.04	rs41305451	9	102677589	102677589	T	C	0.997704	C	0.79	T	0.052	B	0.999997	D	0.117174	N	09|000102677589
