Func	Gene	ExonicFunc	AAChange	OAF	1000g2012apr_ALL	dbSNP137	Chr	Start	End	Ref	Obs	PhyloP	PhyloP prediction	SIFT	SIFT prediction	PolyPhen2	PolyPhen2 prediction	LRT	LRT prediction	MT	MT prediction
exonic	COL15A1	nonsynonymous SNV	COL15A1:NM_001855:exon24:c.T2551C:p.F851L	0.0130	0.01	rs35901514	9	101804366	101804366	T	C	0.998441	C	0.33	T	0.998	D	0.999497	N	0.341793	N	09|000101804366
exonic	ANKS6	nonsynonymous SNV	ANKS6:NM_173551:exon10:c.G1930A:p.V644I	0.9545	0.87	rs6415847	9	101533220	101533220	C	T	0.93317	N	0.77	T	0.0	B	0.897327	N	1.0E-6	P	09|000101533220
exonic	COL15A1	nonsynonymous SNV	COL15A1:NM_001855:exon11:c.G1511T:p.G504V	0.1299	0.11	rs2297603	9	101778265	101778265	G	T	0.199054	N	0.95	T	0.995	D	1.92E-4	N	0.609332	P	09|000101778265
exonic	STX17	nonsynonymous SNV	STX17:NM_017919:exon2:c.T68C:p.I23T	0.1299	0.04	rs41305451	9	102677589	102677589	T	C	0.997704	C	0.79	T	0.052	B	0.999997	D	0.117174	N	09|000102677589
