Func	Gene	ExonicFunc	AAChange	OAF	1000g2012apr_ALL	dbSNP137	Chr	Start	End	Ref	Obs	PhyloP	PhyloP prediction	SIFT	SIFT prediction	PolyPhen2	PolyPhen2 prediction	LRT	LRT prediction	MT	MT prediction
exonic	GALNT12	nonsynonymous SNV	GALNT12:NM_024642:exon1:c.A356T:p.E119V	0.0714	0.04	rs1137654	9	101570336	101570336	A	T	0.996128	C	1.0	D	0.803	P	1.0	D	0.938071	D	09|000101570336
exonic	GALNT12	nonsynonymous SNV	GALNT12:NM_024642:exon4:c.G772T:p.D258Y	0.0065			9	101594094	101594094	G	T	0.999681	C	1.0	D	1.0	D	1.0	D	0.999649	D	09|000101594094
exonic	GALNT12	nonsynonymous SNV	GALNT12:NM_024642:exon7:c.G1326T:p.R442S	0.0065			9	101602397	101602397	G	T	0.908805	N	0.38	T	0.923	D	0.999999	D	0.828653	D	09|000101602397
exonic	COL15A1	nonsynonymous SNV	COL15A1:NM_001855:exon42:c.G4123T:p.V1375F	0.0065			9	101832124	101832124	G	T	0.999825	C	1.0	D	0.995	D	0.999999	D	0.999543	D	09|000101832124
exonic	ALG2	nonsynonymous SNV	ALG2:NM_033087:exon2:c.T1100C:p.V367A	0.0974	0.04	rs35626507	9	101980367	101980367	A	G	0.945428	N	0.57	T	0.0	B	0.899132	N	0.00975	N	09|000101980367
exonic	ALG2	nonsynonymous SNV	ALG2:NM_033087:exon2:c.G652T:p.D218Y	0.0065			9	101980815	101980815	C	A	0.982901	C	0.94	T	0.187	P	0.999997	D	0.997376	D	09|000101980815
exonic	ALG2	nonsynonymous SNV	ALG2:NM_033087:exon1:c.T31C:p.S11P	0.0909	0.04	rs11545137	9	101984146	101984146	A	G	7.91E-4	N	0.69	T	0.0	B	2.0E-6	N	0.0	NA	09|000101984146
exonic	INVS	nonsynonymous SNV	INVS:NM_014425:exon13:c.G2026T:p.V676F,INVS:NM_183245:exon13:c.G2026T:p.V676F	0.0065			9	103046843	103046843	G	T	0.879227	N	1.0	D	0.0060	B	0.262599	N	8.3E-5	N	09|000103046843
exonic	ANKS6	nonsynonymous SNV	ANKS6:NM_173551:exon10:c.G1930A:p.V644I	0.9545	0.87	rs6415847	9	101533220	101533220	C	T	0.93317	N	0.77	T	0.0	B	0.897327	N	1.0E-6	P	09|000101533220
exonic	COL15A1	nonsynonymous SNV	COL15A1:NM_001855:exon3:c.A610G:p.M204V	0.3377	0.56	rs2075663	9	101748356	101748356	A	G	0.962849	C	0.0	T	0.0	B	0.999998	N	0.0	N	09|000101748356
