Func	Gene	ExonicFunc	AAChange	OAF	1000g2012apr_ALL	dbSNP137	Chr	Start	End	Ref	Obs	PhyloP	PhyloP prediction	SIFT	SIFT prediction	PolyPhen2	PolyPhen2 prediction	LRT	LRT prediction	MT	MT prediction
exonic	ALG2	nonsynonymous SNV	ALG2:NM_033087:exon2:c.T1100C:p.V367A	0.0974	0.04	rs35626507	9	101980367	101980367	A	G	0.945428	N	0.57	T	0.0	B	0.899132	N	0.00975	N	09|000101980367
exonic	ALG2	nonsynonymous SNV	ALG2:NM_033087:exon1:c.T31C:p.S11P	0.0909	0.04	rs11545137	9	101984146	101984146	A	G	7.91E-4	N	0.69	T	0.0	B	2.0E-6	N	0.0	NA	09|000101984146
exonic	ANKS6	nonsynonymous SNV	ANKS6:NM_173551:exon10:c.G1930A:p.V644I	0.9545	0.87	rs6415847	9	101533220	101533220	C	T	0.93317	N	0.77	T	0.0	B	0.897327	N	1.0E-6	P	09|000101533220
