Func	Gene	ExonicFunc	AAChange	Conserved	SegDup	ESP6500_ALL	1000g2012apr_ALL	dbSNP137	AVSIFT	LJB_PhyloP	LJB_PhyloP_Pred	LJB_SIFT	LJB_SIFT_Pred	LJB_PolyPhen2	LJB_PolyPhen2_Pred	LJB_LRT	LJB_LRT_Pred	LJB_MutationTaster	LJB_MutationTaster_Pred	LJB_GERP++	Chr	Start	End	Ref	Obs	Otherinfo
exonic	ANKS6	nonsynonymous SNV	ANKS6:NM_173551:exon10:c.G1930A:p.V644I			0.963043	0.87	rs6415847	1	0.93317	N	0.77	T	0.0	B	0.897327	N	1.0E-6	P	1.71	9	101533220	101533220	C	T	unknown	222.00	255	60	NULL	09|000101533220	0.7500
exonic	ERCC6L2	nonsynonymous SNV	ERCC6L2:NM_001010895:exon1:c.A1G:p.M1V			0.241257	0.28	rs690528	1	0.017417	N	1.0	D	0.4418	NA	0.625738	NA	0.295574	NA	-1.42	9	98638288	98638288	A	G	unknown	224.50	463	60	NULL	09|000098638288	0.1094
exonic	GRIN3A	nonsynonymous SNV	GRIN3A:NM_133445:exon9:c.A3218T:p.N1073I	483;Name=lod=123		0.043518	0.04	rs62000403	0.05	0.164426	N	0.92	T	0.021	B	0.964906	N	0.438605	N	-0.908	9	104335586	104335586	T	A	het	181.33	132	59	NULL	09|000104335586	0.1094
exonic	NR4A3	nonsynonymous SNV	NR4A3:NM_006981:exon3:c.A718G:p.S240G,NR4A3:NM_173199:exon3:c.A718G:p.S240G,NR4A3:NM_173200:exon4:c.A751G:p.S251G	572;Name=lod=282			0.43	rs12344570	0.49	0.92806	N	0.51	T	0.0	B	0.041497	N	6.5E-5	N	3.12	9	102591042	102591042	A	G	het	159.91	532	60	NULL	09|000102591042	0.4375
