Func	Gene	ExonicFunc	AAChange	OAF	1000g2012apr_ALL	dbSNP137	Chr	Start	End	Ref	Obs	PhyloP	PhyloP prediction	SIFT	SIFT prediction	PolyPhen2	PolyPhen2 prediction	LRT	LRT prediction	MT	MT prediction
exonic	ERCC6L2	nonsynonymous SNV	ERCC6L2:NM_001010895:exon1:c.A1G:p.M1V	0.1094	0.28	rs690528	9	98638288	98638288	A	G	0.017417	N	1.0	D	0.4418	NA	0.625738	NA	0.295574	NA	9|000098638288
exonic	ANKS6	nonsynonymous SNV	ANKS6:NM_173551:exon10:c.G1930A:p.V644I	0.7500	0.87	rs6415847	9	101533220	101533220	C	T	0.93317	N	0.77	T	0.0	B	0.897327	N	1.0E-6	P	9|000101533220
exonic	NR4A3	nonsynonymous SNV	NR4A3:NM_006981:exon3:c.A718G:p.S240G,NR4A3:NM_173199:exon3:c.A718G:p.S240G,NR4A3:NM_173200:exon4:c.A751G:p.S251G	0.4375	0.43	rs12344570	9	102591042	102591042	A	G	0.92806	N	0.51	T	0.0	B	0.041497	N	6.5E-5	N	9|000102591042
exonic	GRIN3A	nonsynonymous SNV	GRIN3A:NM_133445:exon9:c.A3218T:p.N1073I	0.1094	0.04	rs62000403	9	104335586	104335586	T	A	0.164426	N	0.92	T	0.021	B	0.964906	N	0.438605	N	9|000104335586
