Func	Gene	ExonicFunc	AAChange	OAF	1000g2012apr_ALL	dbSNP137	Chr	Start	End	Ref	Obs	PhyloP	PhyloP prediction	SIFT	SIFT prediction	PolyPhen2	PolyPhen2 prediction	LRT	LRT prediction	MT	MT prediction
exonic	GALNT12	nonsynonymous SNV	GALNT12:NM_024642:exon1:c.A356T:p.E119V	0.0781	0.04	rs1137654	9	101570336	101570336	A	T	0.996128	C	1.0	D	0.803	P	1.0	D	0.938071	D	9|000101570336
exonic	PTCH1	nonsynonymous SNV	PTCH1:NM_000264:exon23:c.C3944T:p.P1315L,PTCH1:NM_001083602:exon23:c.C3746T:p.P1249L,PTCH1:NM_001083603:exon23:c.C3941T:p.P1314L,PTCH1:NM_001083604:exon23:c.C3491T:p.P1164L,PTCH1:NM_001083605:exon23:c.C3491T:p.P1164L,PTCH1:NM_001083606:exon23:c.C3491T:p.P1164L,PTCH1:NM_001083607:exon23:c.C3491T:p.P1164L	0.2031	0.38	rs357564	9	98209594	98209594	G	A	0.999397	C	1.0	D	0.999	D	1.0	D	0.999952	P	9|000098209594
exonic	ERCC6L2	nonsynonymous SNV	ERCC6L2:NM_001010895:exon1:c.A1G:p.M1V	0.1094	0.28	rs690528	9	98638288	98638288	A	G	0.017417	N	1.0	D	0.4418	NA	0.625738	NA	0.295574	NA	9|000098638288
exonic	ERCC6L2	nonsynonymous SNV	ERCC6L2:NM_001010895:exon1:c.C19T:p.P7S	0.0156	0.11	rs56108623	9	98638306	98638306	C	T	0.996627	C	1.0	D	0.534748	NA	0.856088	NA	1.8E-4	N	9|000098638306
exonic	ANKS6	nonsynonymous SNV	ANKS6:NM_173551:exon10:c.G1930A:p.V644I	0.7500	0.87	rs6415847	9	101533220	101533220	C	T	0.93317	N	0.77	T	0.0	B	0.897327	N	1.0E-6	P	9|000101533220
exonic	NR4A3	nonsynonymous SNV	NR4A3:NM_006981:exon3:c.A718G:p.S240G,NR4A3:NM_173199:exon3:c.A718G:p.S240G,NR4A3:NM_173200:exon4:c.A751G:p.S251G	0.4375	0.43	rs12344570	9	102591042	102591042	A	G	0.92806	N	0.51	T	0.0	B	0.041497	N	6.5E-5	N	9|000102591042
exonic	BAAT	nonsynonymous SNV	BAAT:NM_001127610:exon2:c.G59A:p.R20Q,BAAT:NM_001701:exon2:c.G59A:p.R20Q	0.5312	0.62	rs1572983	9	104133628	104133628	C	T	0.009462	N	0.54	T	0.136	B	0.906037	N	1.53E-4	P	9|000104133628
exonic	GRIN3A	nonsynonymous SNV	GRIN3A:NM_133445:exon9:c.A3218T:p.N1073I	0.1094	0.04	rs62000403	9	104335586	104335586	T	A	0.164426	N	0.92	T	0.021	B	0.964906	N	0.438605	N	9|000104335586
