Func	Gene	ExonicFunc	AAChange	OAF	1000g2012apr_ALL	dbSNP137	Chr	Start	End	Ref	Obs	PhyloP	PhyloP prediction	SIFT	SIFT prediction	PolyPhen2	PolyPhen2 prediction	LRT	LRT prediction	MT	MT prediction
exonic	ERCC6L2	nonsynonymous SNV	ERCC6L2:NM_001010895:exon1:c.A1G:p.M1V	0.1094	0.28	rs690528	9	98638288	98638288	A	G	0.017417	N	1.0	D	0.4418	NA	0.625738	NA	0.295574	NA	9|000098638288
exonic	ERCC6L2	nonsynonymous SNV	ERCC6L2:NM_001010895:exon11:c.T1775C:p.V592A	0.1406	0.20	rs2274654	9	98691137	98691137	T	C	0.997911	C	1.0	D	0.932	D	0.999883	D	0.325143	P	9|000098691137
exonic	HSD17B3	nonsynonymous SNV	HSD17B3:NM_000197:exon11:c.G865A:p.G289S	0.0312	0.12	rs2066479	9	98997810	98997810	C	T	0.039171	N	0.43	T	0.0	B	0.547759	N	0.004402	N	9|000098997810
exonic	TBC1D2	nonsynonymous SNV	TBC1D2:NM_001267571:exon5:c.G782T:p.G261V,TBC1D2:NM_018421:exon5:c.G782T:p.G261V	0.0938	0.17	rs1573025	9	100991430	100991430	C	A	0.774072	N	0.72	T	0.0	B	0.926397	N	0.103691	P	9|000100991430
exonic	TBC1D2	nonsynonymous SNV	TBC1D2:NM_001267571:exon4:c.T758C:p.L253S,TBC1D2:NM_018421:exon4:c.T758C:p.L253S	0.2188	0.40	rs879369	9	100995721	100995721	A	G	0.012882	N	0.87	T	0.0	B	0.067688	N	1.38E-4	P	9|000100995721
exonic	TBC1D2	nonsynonymous SNV	TBC1D2:NM_001267571:exon4:c.C721A:p.P241T,TBC1D2:NM_018421:exon4:c.C721A:p.P241T	0.1562	0.23	rs879368	9	100995758	100995758	G	T	0.772506	N	0.37	T	0.0040	B	0.949695	N	0.1662	P	9|000100995758
exonic	ANKS6	nonsynonymous SNV	ANKS6:NM_173551:exon10:c.G1930A:p.V644I	0.7500	0.87	rs6415847	9	101533220	101533220	C	T	0.93317	N	0.77	T	0.0	B	0.897327	N	1.0E-6	P	9|000101533220
exonic	NR4A3	nonsynonymous SNV	NR4A3:NM_006981:exon3:c.A718G:p.S240G,NR4A3:NM_173199:exon3:c.A718G:p.S240G,NR4A3:NM_173200:exon4:c.A751G:p.S251G	0.4375	0.43	rs12344570	9	102591042	102591042	A	G	0.92806	N	0.51	T	0.0	B	0.041497	N	6.5E-5	N	9|000102591042
exonic	BAAT	nonsynonymous SNV	BAAT:NM_001127610:exon2:c.G59A:p.R20Q,BAAT:NM_001701:exon2:c.G59A:p.R20Q	0.5312	0.62	rs1572983	9	104133628	104133628	C	T	0.009462	N	0.54	T	0.136	B	0.906037	N	1.53E-4	P	9|000104133628
exonic	GRIN3A	nonsynonymous SNV	GRIN3A:NM_133445:exon9:c.A3218T:p.N1073I	0.1094	0.04	rs62000403	9	104335586	104335586	T	A	0.164426	N	0.92	T	0.021	B	0.964906	N	0.438605	N	9|000104335586
