Func	Gene	ExonicFunc	AAChange	OAF	1000g2012apr_ALL	dbSNP137	Chr	Start	End	Ref	Obs	PhyloP	PhyloP prediction	SIFT	SIFT prediction	PolyPhen2	PolyPhen2 prediction	LRT	LRT prediction	MT	MT prediction
exonic	ERP44	frameshift insertion	ERP44:NM_015051:exon5:c.393_394insGA:p.L132fs	0.0065			9	102784401	102784401	-	TC											09|000102784401
exonic	GALNT12	nonsynonymous SNV	GALNT12:NM_024642:exon1:c.A356T:p.E119V	0.0714	0.04	rs1137654	9	101570336	101570336	A	T	0.996128	C	1.0	D	0.803	P	1.0	D	0.938071	D	09|000101570336
exonic	COL15A1	nonsynonymous SNV	COL15A1:NM_001855:exon3:c.G385T:p.D129Y	0.0065			9	101748131	101748131	G	T	0.999601	C	1.0	D	0.986	D	0.999707	D	0.990594	D	09|000101748131
exonic	COL15A1	nonsynonymous SNV	COL15A1:NM_001855:exon11:c.C1592G:p.P531R	0.0714	0.05	rs35529307	9	101778346	101778346	C	G	0.997233	C	0.98	D	0.998	D	6.1E-5	N	0.055344	N	09|000101778346
exonic	COL15A1	nonsynonymous SNV	COL15A1:NM_001855:exon12:c.C1651A:p.Q551K	0.0065			9	101782674	101782674	C	A	0.983405	C	0.27	T	0.0050	B	0.0	N	0.094369	N	09|000101782674
exonic	ANKS6	nonsynonymous SNV	ANKS6:NM_173551:exon10:c.G1930A:p.V644I	0.9545	0.87	rs6415847	9	101533220	101533220	C	T	0.93317	N	0.77	T	0.0	B	0.897327	N	1.0E-6	P	09|000101533220
