Func	Gene	ExonicFunc	AAChange	OAF	1000g2012apr_ALL	dbSNP137	Chr	Start	End	Ref	Obs	PhyloP	PhyloP prediction	SIFT	SIFT prediction	PolyPhen2	PolyPhen2 prediction	LRT	LRT prediction	MT	MT prediction
exonic	COL15A1	stopgain SNV	COL15A1:NM_001855:exon19:c.G2236T:p.G746X	0.0065			9	101797647	101797647	G	T	0.999444	C	0.903824	NA	0.735466	NA	0.999987	D	1.0	A	09|000101797647
exonic	COL15A1	frameshift deletion	COL15A1:NM_001855:exon21:c.2386_2387del:p.796_796del	0.0065			9	101798655	101798656	GG	-											09|000101798654
exonic	COL15A1	nonsynonymous SNV	COL15A1:NM_001855:exon10:c.G1490T:p.R497L	0.0065			9	101777835	101777835	G	T	0.895775	N	0.99	D	0.0010	B	0.801598	NA	1.0E-6	N	09|000101777835
exonic	NR4A3	nonsynonymous SNV	NR4A3:NM_006981:exon6:c.T1374A:p.F458L,NR4A3:NM_173200:exon7:c.T1407A:p.F469L	0.0065			9	102607050	102607050	T	A	0.097717	N	0.99	D	0.998	D	1.0	D	0.999699	D	09|000102607050
exonic	ANKS6	nonsynonymous SNV	ANKS6:NM_173551:exon10:c.G1930A:p.V644I	0.9545	0.87	rs6415847	9	101533220	101533220	C	T	0.93317	N	0.77	T	0.0	B	0.897327	N	1.0E-6	P	09|000101533220
exonic	COL15A1	nonsynonymous SNV	COL15A1:NM_001855:exon42:c.G3994A:p.V1332I	0.0714	0.16	rs10519	9	101831995	101831995	G	A	0.932241	N	0.45	T	0.116	B	0.999882	N	9.03E-4	N	09|000101831995
