Func	Gene	ExonicFunc	AAChange	OAF	1000g2012apr_ALL	dbSNP137	Chr	Start	End	Ref	Obs	PhyloP	PhyloP prediction	SIFT	SIFT prediction	PolyPhen2	PolyPhen2 prediction	LRT	LRT prediction	MT	MT prediction
exonic	GALNT12	frameshift insertion	GALNT12:NM_024642:exon9:c.1524_1525insA:p.A508fs	0.0065			9	101608324	101608324	-	A											09|000101608324
exonic	GALNT12	frameshift insertion	GALNT12:NM_024642:exon9:c.1525_1526insA:p.V509fs	0.0065			9	101608325	101608325	-	A											09|000101608325
exonic	GALNT12	frameshift insertion	GALNT12:NM_024642:exon9:c.1526_1527insC:p.V509fs	0.0065			9	101608326	101608326	-	C											09|000101608326
exonic	COL15A1	stopgain SNV	COL15A1:NM_001855:exon40:c.C3750A:p.Y1250X	0.0065			9	101829262	101829262	C	A	0.939887	N	0.899066	NA	0.725673	NA	0.999999	D	1.0	A	09|000101829262
exonic	INVS	stopgain SNV	INVS:NM_014425:exon5:c.G487T:p.E163X,INVS:NM_183245:exon5:c.G487T:p.E163X	0.0065			9	102991981	102991981	G	T	0.999578	C	0.903835	NA	0.73549	NA	0.999999	D	1.0	A	09|000102991981
exonic	TGFBR1	nonsynonymous SNV	TGFBR1:NM_001130916:exon6:c.G996T:p.W332C,TGFBR1:NM_004612:exon7:c.G1227T:p.W409C	0.0065			9	101908863	101908863	G	T	0.99958	C	1.0	D	1.0	D	1.0	D	0.999997	D	09|000101908863
exonic	INVS	nonsynonymous SNV	INVS:NM_014425:exon6:c.C778A:p.H260N,INVS:NM_183245:exon6:c.C778A:p.H260N	0.0065			9	103002504	103002504	C	A	0.999038	C	0.99	D	1.0	D	1.0	D	0.999755	D	09|000103002504
exonic	ANKS6	nonsynonymous SNV	ANKS6:NM_173551:exon10:c.G1930A:p.V644I	0.9545	0.87	rs6415847	9	101533220	101533220	C	T	0.93317	N	0.77	T	0.0	B	0.897327	N	1.0E-6	P	09|000101533220
exonic	COL15A1	nonsynonymous SNV	COL15A1:NM_001855:exon42:c.G3994A:p.V1332I	0.0714	0.16	rs10519	9	101831995	101831995	G	A	0.932241	N	0.45	T	0.116	B	0.999882	N	9.03E-4	N	09|000101831995
